{
  "kg": 45945110.86922661,
  "m": 6.187355896706554e+34,
  "s": 1.8549226577521664e+43,
  "N": 8.262144551212734e-45,
  "J": 5.112082880838804e-10,
  "K": 7.057991094930638e-33,
  "A": 1.0189463700310604e-25
}
